season,game_id,game_date,home_team,away_team,home_score,away_score,label,actual_outcome,is_playoff,elo_diff
2020,585496,2020-10-03,ORL,RBNY,3,1,1,home,1,0.0
2020,585497,2020-10-03,DC,ATL,0,4,0,away,1,0.0
2020,585499,2020-10-03,MTL,CHI,2,2,0,away,1,0.0
2020,585498,2020-10-03,NE,NSH,0,0,0,away,1,0.0
2020,585500,2020-10-03,TOR,PHI,2,1,1,home,1,0.0
2020,585502,2020-10-03,HOU,SKC,1,2,0,away,1,0.0
2020,585503,2020-10-03,MIA,NYC,2,3,0,away,1,0.0
2020,585501,2020-10-03,MIN,CIN,2,0,1,home,1,0.0
2020,585504,2020-10-03,DAL,CLB,2,2,0,away,1,0.0
2020,585506,2020-10-03,SEA,VAN,3,1,1,home,1,0.0
2020,585507,2020-10-03,SJ,LA,2,1,1,home,1,0.0
2020,585508,2020-10-04,RSL,LAFC,1,3,0,away,1,0.0
2020,585510,2020-10-06,NSH,MIN,0,0,0,away,1,3.9758718683701773
2020,585512,2020-10-07,ATL,ORL,0,0,0,away,1,3.9758718683701773
2020,585511,2020-10-07,RBNY,MIA,1,2,0,away,1,3.9758718683701773
2020,585513,2020-10-07,CLB,MTL,1,2,0,away,1,23.975871868370177
2020,585514,2020-10-07,NE,TOR,0,1,0,away,1,-20.0
2020,585515,2020-10-07,PHI,CIN,3,0,1,home,1,0.0
2020,585516,2020-10-07,HOU,DAL,2,0,1,home,1,0.0
2020,585509,2020-10-07,NYC,DC,4,1,1,home,1,23.975871868370177
2020,585533,2020-10-07,SKC,CHI,1,0,1,home,1,0.0
2020,585535,2020-10-07,SEA,RSL,2,1,1,home,1,20.0
2020,585536,2020-10-07,LA,POR,3,6,0,away,1,-8.012064065814911
2020,585537,2020-10-07,SJ,VAN,3,0,1,home,1,16.024128131629823
2020,585539,2020-10-10,MIA,HOU,1,0,1,home,1,4.085530076269379
2020,585540,2020-10-10,ATL,RBNY,0,1,0,away,1,20.0
2020,585542,2020-10-10,VAN,RSL,2,1,1,home,1,3.868478279653573
2020,585544,2020-10-11,NYC,NE,1,2,0,away,1,42.76437999715631
2020,585543,2020-10-11,LAFC,SEA,3,1,1,home,1,-3.4901464982951893
2020,585549,2020-10-11,CHI,DC,2,1,1,home,1,23.32305358317376
2020,585545,2020-10-11,CIN,TOR,0,1,0,away,1,-35.465454545612374
2020,585548,2020-10-11,PHI,MTL,2,1,1,home,1,-0.6528182851964175
2020,585547,2020-10-11,SKC,NSH,2,1,1,home,1,20.1096582078992
2020,585551,2020-10-11,POR,SJ,3,0,1,home,1,-3.8200129908718736
2020,585554,2020-10-14,MTL,NE,2,3,0,away,1,2.9036383059935815
2020,585553,2020-10-14,CIN,CLB,2,1,1,home,1,-26.362033315721874
2020,585555,2020-10-14,ORL,NYC,1,1,0,away,1,13.89873689088131
2020,585552,2020-10-14,TOR,RBNY,1,1,0,away,1,38.00772645783559
2020,585558,2020-10-14,DC,PHI,2,2,0,away,1,-34.754033326812305
2020,585557,2020-10-14,HOU,NSH,1,3,0,away,1,-4.302537323023216
2020,585559,2020-10-14,MIA,ATL,1,1,0,away,1,20.65268676038886
2020,585560,2020-10-14,DAL,SKC,1,0,1,home,1,-47.463065048703584
2020,585561,2020-10-14,RSL,POR,2,1,1,home,1,-47.242673287787966
2020,585563,2020-10-14,VAN,LAFC,2,1,1,home,1,-27.776789383549158
2020,585587,2020-10-14,LA,SJ,0,4,0,away,1,-27.245108243583218
2020,585588,2020-10-17,CHI,SKC,2,2,0,away,1,-6.758216303064501
2020,585589,2020-10-17,MTL,MIA,2,1,1,home,1,-14.902865295982565
2020,585596,2020-10-18,CLB,NYC,3,1,1,home,1,-27.983232795980484
2020,585594,2020-10-18,RBNY,ORL,1,1,0,away,1,-2.3041084090996264
2020,585595,2020-10-18,CIN,DC,1,2,0,away,1,19.470620144027635
2020,585598,2020-10-18,TOR,ATL,1,0,1,home,1,17.511842125181374
2020,585599,2020-10-18,MIN,HOU,2,2,0,away,1,43.85362421642867
2020,585601,2020-10-18,POR,LAFC,1,1,0,away,1,-0.768577117687073
2020,585603,2020-10-18,LA,VAN,1,0,1,home,1,-32.11248856443581
2020,585602,2020-10-18,SJ,SEA,0,0,0,away,1,11.322647588405289
2020,585597,2020-10-19,NE,PHI,1,2,0,away,1,-17.25397881226081
2020,585517,2020-10-20,NSH,DAL,3,0,1,home,1,14.943739043270625
2020,585528,2020-10-22,SEA,POR,1,1,0,away,1,21.097416929442034
2020,585525,2020-10-23,NSH,NE,1,1,0,away,1,21.61814310726936
2020,585518,2020-10-24,MIA,ORL,2,1,1,home,1,-32.63472674398486
2020,585519,2020-10-24,ATL,DC,1,2,0,away,1,17.589949873524347
2020,585521,2020-10-24,CHI,RBNY,2,2,0,away,1,6.0397390121011085
2020,585520,2020-10-24,CIN,MIN,0,1,0,away,1,-37.72916615931854
2020,585522,2020-10-24,NYC,MTL,3,1,1,home,1,20.801364432127002
2020,585523,2020-10-24,PHI,TOR,5,0,1,home,1,5.594797553105991
2020,585524,2020-10-24,HOU,CLB,1,1,0,away,1,-9.972607834182554
2020,585526,2020-10-24,SKC,COL,4,0,1,home,1,29.911226343366707
2020,585527,2020-10-24,RSL,DAL,0,0,0,away,1,0.23706712519401663
2020,585529,2020-10-24,VAN,SJ,2,1,1,home,1,-14.196427410206752
2020,585530,2020-10-25,LAFC,LA,2,0,1,home,1,45.36081337752057
2020,585531,2020-10-27,MTL,NSH,0,1,0,away,1,-17.783647790719215
2020,585532,2020-10-27,VAN,SEA,0,2,0,away,1,-6.500399109298542
2020,585564,2020-10-28,RBNY,NE,1,0,1,home,1,2.808722798677991
2020,585565,2020-10-28,CIN,SKC,0,1,0,away,1,-78.8224562278308
2020,585568,2020-10-28,ORL,ATL,4,1,1,home,1,30.830412630959017
2020,585566,2020-10-28,PHI,CHI,2,1,1,home,1,51.00772248385624
2020,585567,2020-10-28,TOR,NYC,0,1,0,away,1,-0.13277113324033962
2020,585571,2020-10-28,DC,CLB,1,0,1,home,1,-23.850117320794425
2020,585569,2020-10-28,MIN,COL,2,1,1,home,1,25.072380569149345
2020,585570,2020-10-28,DAL,MIA,2,1,1,home,1,-2.214791210237763
2020,585572,2020-10-28,POR,LA,5,2,1,home,1,40.018911088631285
2020,585574,2020-10-28,LAFC,HOU,2,1,1,home,1,52.35941067068029
2020,585573,2020-10-28,SJ,RSL,2,0,1,home,1,27.99352956829739
2020,585575,2020-10-31,DAL,HOU,3,0,1,home,1,30.72454348207657
2020,585576,2020-10-31,NSH,CHI,1,1,0,away,1,30.06640610217869
2020,585579,2020-11-01,CLB,PHI,2,1,1,home,1,-42.632622307513884
2020,585577,2020-11-01,ATL,CIN,2,0,1,home,1,24.185411582059942
2020,585578,2020-11-01,NYC,RBNY,5,2,1,home,1,15.610725820877633
2020,585580,2020-11-01,MTL,ORL,0,1,0,away,1,-47.86707670431542
2020,585582,2020-11-01,NE,DC,4,3,1,home,1,-1.0097123411230768
2020,585583,2020-11-01,TOR,MIA,2,1,1,home,1,17.225286487757785
2020,585584,2020-11-01,COL,SEA,3,1,1,home,1,-33.443202296548634
2020,585585,2020-11-01,POR,VAN,1,0,1,home,1,29.27276100368408
2020,585586,2020-11-01,LA,RSL,2,1,1,home,1,1.4400753730355973
2020,585546,2020-11-04,ORL,CLB,2,1,1,home,1,16.91072778669013
2020,585556,2020-11-04,MIN,CHI,2,2,0,away,1,31.651720718375373
2020,586118,2020-11-04,NSH,DAL,0,1,0,away,1,-10.987095230646673
2020,585505,2020-11-04,POR,COL,0,1,0,away,1,30.866720933479428
2020,585855,2020-11-04,LA,SEA,1,1,0,away,1,-37.808080167563276
2020,585590,2020-11-04,SJ,LAFC,3,2,1,home,1,-31.448485780772444
2020,585605,2020-11-08,CHI,NYC,3,4,0,away,1,-30.402089468366285
2020,585604,2020-11-08,CLB,ATL,2,1,1,home,1,24.006192307122774
2020,585593,2020-11-08,DC,MTL,2,3,0,away,1,28.48357618379555
2020,585592,2020-11-08,MIA,CIN,2,1,1,home,1,39.15448774618562
2020,585606,2020-11-08,ORL,NSH,2,3,0,away,1,49.77107135171332
2020,585591,2020-11-08,PHI,NE,2,0,1,home,1,32.87961592375132
2020,585607,2020-11-08,RBNY,TOR,2,1,1,home,1,-6.634940444731228
2020,585608,2020-11-08,HOU,COL,1,2,0,away,1,-43.33161900531127
2020,585612,2020-11-08,LAFC,POR,1,1,0,away,1,15.328053618594367
2020,585613,2020-11-08,MIN,DAL,3,0,1,home,1,-8.32308935680021
2020,585611,2020-11-08,RSL,SKC,0,2,0,away,1,-92.09057348924307
2020,585610,2020-11-08,SEA,SJ,4,1,1,home,1,6.751888781229809
2020,585609,2020-11-08,VAN,LA,3,0,1,home,1,20.350105778455372
2020,588159,2020-11-20,NE,MTL,2,1,1,home,1,23.670320307551947
2020,588158,2020-11-20,NSH,MIA,3,0,1,home,1,12.342069107505495
2020,588157,2020-11-21,ORL,NYC,1,1,1,home,1,-25.14990146408445
2020,588166,2020-11-21,CLB,RBNY,3,2,1,home,1,-2.7654920680142823
2020,588156,2020-11-22,SKC,SJ,3,3,1,home,1,49.91700672073034
2020,588167,2020-11-22,MIN,COL,3,0,1,home,1,2.588340145752454
2020,588168,2020-11-22,POR,DAL,1,1,0,away,1,12.43481924208254
2020,588155,2020-11-24,TOR,NSH,0,1,0,away,1,-2.862266216242233
2020,588169,2020-11-24,PHI,NE,0,2,0,away,1,39.75718833906626
2020,588170,2020-11-24,SEA,LAFC,3,1,1,home,1,13.32713714232159
2020,588154,2020-11-29,ORL,NE,1,3,0,away,1,15.231359753034212
2020,588171,2020-11-29,CLB,NSH,2,0,1,home,1,0.30958087617068486
2020,588153,2020-12-01,SEA,DAL,1,0,1,home,1,11.592043490151354
2020,588152,2020-12-03,SKC,MIN,0,3,0,away,1,34.36276522789262
2020,588151,2020-12-06,CLB,NE,1,0,1,home,1,-1.1320235208556824
2020,588172,2020-12-07,SEA,MIN,3,2,1,home,1,2.5944423984640252
2020,588150,2020-12-12,CLB,SEA,3,0,1,home,1,-16.408613545788285
2021,598054,2021-10-02,ATX,RSL,2,1,1,home,1,54.59720610305703
2021,598055,2021-10-02,MTL,ATL,2,1,1,home,1,-7.921063370105458
2021,598056,2021-10-02,CIN,RBNY,0,1,0,away,1,-71.89189076648836
2021,598057,2021-10-02,ORL,DC,2,1,1,home,1,43.960499982550346
2021,598059,2021-10-02,DAL,MIN,0,0,0,away,1,-16.44481709935667
2021,598060,2021-10-02,VAN,SJ,3,0,1,home,1,-10.591838300930704
2021,598064,2021-10-03,NYC,NSH,0,0,0,away,1,27.992311346932183
2021,598058,2021-10-03,PHI,CLB,3,0,1,home,1,-14.144922009286347
2021,598062,2021-10-03,SKC,HOU,4,2,1,home,1,96.83888389060803
2021,598063,2021-10-03,TOR,CHI,3,1,1,home,1,-2.7129558078618174
2021,598061,2021-10-03,POR,MIA,1,0,1,home,1,32.912888290907404
2021,598065,2021-10-03,LA,LAFC,1,1,0,away,1,-53.96491242941602
2021,598066,2021-10-03,SEA,COL,3,0,1,home,1,33.45143611969684
2021,597850,2021-10-09,RBNY,MIA,1,0,1,home,1,43.562528684338076
2021,597932,2021-10-09,CIN,PHI,1,2,0,away,1,-114.02688447726473
2021,598011,2021-10-09,SEA,VAN,4,1,1,home,1,53.28745999525222
2021,597910,2021-10-10,MIN,COL,1,3,0,away,1,42.08249095096107
2021,598067,2021-10-16,MTL,PHI,2,2,0,away,1,-74.01797097903022
2021,598068,2021-10-16,LAFC,SJ,3,1,1,home,1,26.87755354083947
2021,598069,2021-10-16,CLB,MIA,4,0,1,home,1,69.98225143299055
2021,598070,2021-10-16,NE,CHI,2,2,0,away,1,33.455583545649915
2021,598071,2021-10-16,DC,NSH,0,0,0,away,1,-55.67142077533845
2021,598072,2021-10-16,CIN,ORL,0,1,0,away,1,-110.37817953472472
2021,598073,2021-10-16,TOR,ATL,0,2,0,away,1,36.141664463643565
2021,598074,2021-10-16,HOU,SEA,2,1,1,home,1,-109.6112572185682
2021,598075,2021-10-16,ATX,MIN,0,1,0,away,1,-25.366940684360543
2021,598076,2021-10-16,RSL,COL,3,1,1,home,1,-77.23881214424136
2021,598077,2021-10-16,LA,POR,2,1,1,home,1,-76.35260998393437
2021,598078,2021-10-17,RBNY,NYC,1,0,1,home,1,-3.554449600849466
2021,598079,2021-10-17,VAN,SKC,2,1,1,home,1,-64.77360496070514
2021,598080,2021-10-20,ATL,NYC,1,1,0,away,1,-40.90105203964458
2021,598084,2021-10-20,DC,NE,2,3,0,away,1,-49.84817673254315
2021,598083,2021-10-20,CIN,CHI,3,4,0,away,1,-93.36105301758266
2021,598081,2021-10-20,MIA,TOR,3,0,1,home,1,-28.182103651742636
2021,598082,2021-10-20,ORL,MTL,1,1,0,away,1,71.6175636352882
2021,598085,2021-10-20,DAL,LAFC,2,3,0,away,1,-19.937806049865912
2021,598086,2021-10-20,MIN,PHI,3,2,1,home,1,-13.73299324765162
2021,598088,2021-10-20,HOU,LA,0,3,0,away,1,5.252928629747203
2021,598087,2021-10-20,NSH,CLB,1,1,0,away,1,-7.439112468926851
2021,598089,2021-10-20,COL,SEA,1,1,0,away,1,-40.214141336068906
2021,598090,2021-10-20,POR,VAN,2,3,0,away,1,8.88245323051774
2021,598091,2021-10-20,SJ,ATX,4,0,1,home,1,-11.24359630856884
2021,598101,2021-10-23,SEA,SKC,1,2,0,away,1,11.270069277584298
2021,598095,2021-10-23,CLB,RBNY,1,2,0,away,1,22.580264707467677
2021,598097,2021-10-23,NYC,DC,6,0,1,home,1,81.8844078002412
2021,598096,2021-10-23,PHI,NSH,1,0,1,home,1,25.941437797038816
2021,598093,2021-10-23,TOR,MTL,1,1,0,away,1,1.8531457396672977
2021,598099,2021-10-23,CHI,RSL,1,0,1,home,1,60.34281316725469
2021,598092,2021-10-23,MIA,CIN,5,1,1,home,1,70.91506245888104
2021,598098,2021-10-23,MIN,LAFC,1,1,0,away,1,14.688277775320785
2021,598100,2021-10-23,COL,POR,2,0,1,home,1,-2.2303154871365223
2021,598094,2021-10-23,LA,DAL,2,2,0,away,1,-28.48468639698308
2021,598102,2021-10-23,SJ,VAN,1,1,0,away,1,-20.4667030309256
2021,598104,2021-10-24,ATX,HOU,2,1,1,home,1,40.34378933465291
2021,598103,2021-10-24,ORL,NE,2,2,0,away,1,2.5892255983376344
2021,598105,2021-10-26,LAFC,SEA,3,0,1,home,1,4.6559725354900365
2021,598107,2021-10-27,NE,COL,1,0,1,home,1,27.282390272513794
2021,598106,2021-10-27,ATL,MIA,2,1,1,home,1,-7.8233605856441955
2021,598109,2021-10-27,CLB,ORL,3,2,1,home,1,32.15561201389414
2021,598112,2021-10-27,DC,RBNY,1,0,1,home,1,-102.20590613662694
2021,598110,2021-10-27,CIN,NSH,3,6,0,away,1,-124.07214770321866
2021,598108,2021-10-27,NYC,CHI,1,0,1,home,1,19.27050444370184
2021,598111,2021-10-27,TOR,PHI,2,2,0,away,1,-89.02043462417055
2021,598113,2021-10-27,DAL,RSL,1,2,0,away,1,62.66421159171887
2021,598114,2021-10-27,SKC,LA,2,0,1,home,1,103.53288690484078
2021,598116,2021-10-27,POR,SJ,2,0,1,home,1,8.227067787005808
2021,598115,2021-10-27,VAN,MIN,2,1,1,home,1,-14.962329724216488
2021,598119,2021-10-30,MIA,NYC,1,3,0,away,1,-76.35094508674752
2021,598123,2021-10-30,RSL,SJ,3,4,0,away,1,-16.882705630404416
2021,598118,2021-10-30,RBNY,MTL,1,0,1,home,1,43.64797452438779
2021,598117,2021-10-30,ATL,TOR,1,1,0,away,1,17.47315717762831
2021,598121,2021-10-30,DC,CLB,1,3,0,away,1,-95.79678712158079
2021,598122,2021-10-30,DAL,ATX,2,1,1,home,1,-2.2270889153089684
2021,598124,2021-10-31,MIN,SKC,2,1,1,home,1,-32.57322490340425
2021,598126,2021-10-31,HOU,COL,0,1,0,away,1,-56.133786151676986
2021,598127,2021-10-31,ORL,NSH,1,1,0,away,1,-22.048028188134595
2021,598120,2021-10-31,PHI,CIN,2,0,1,home,1,182.53619600961247
2021,598128,2021-11-01,SEA,LA,1,1,0,away,1,87.7074881988317
2021,598129,2021-11-02,LAFC,VAN,1,1,0,away,1,24.509483585560247
2021,598131,2021-11-03,MTL,HOU,2,0,1,home,1,52.92533967846771
2021,598130,2021-11-03,RBNY,ATL,0,0,0,away,1,77.15961434029191
2021,598132,2021-11-03,ATX,SKC,3,1,1,home,1,-68.6154418856463
2021,598133,2021-11-03,RSL,POR,1,3,0,away,1,-52.19828205838144
2021,598134,2021-11-07,MTL,ORL,0,2,0,away,1,-1.515457978754739
2021,598140,2021-11-07,CLB,CHI,2,0,1,home,1,49.07747243583617
2021,598135,2021-11-07,CIN,ATL,1,2,0,away,1,-97.40478864534316
2021,598139,2021-11-07,NSH,RBNY,1,1,0,away,1,9.578568060650014
2021,598138,2021-11-07,NE,MIA,0,1,0,away,1,81.2482041202702
2021,598137,2021-11-07,NYC,PHI,1,1,0,away,1,-16.70909449888245
2021,598136,2021-11-07,TOR,DC,1,3,0,away,1,26.755800645275485
2021,598146,2021-11-07,COL,LAFC,5,2,1,home,1,-38.310059031783794
2021,598143,2021-11-07,LA,MIN,3,3,0,away,1,-76.40146228169738
2021,598142,2021-11-07,POR,ATX,3,0,1,home,1,11.70148782155502
2021,598141,2021-11-07,SJ,DAL,1,1,0,away,1,-15.052120652656413
2021,598145,2021-11-07,SKC,RSL,0,1,0,away,1,110.21579072173904
2021,598144,2021-11-07,VAN,SEA,1,1,0,away,1,22.82007282038785
2021,621677,2021-11-20,PHI,RBNY,1,0,1,home,1,42.81820179783767
2021,621676,2021-11-20,SKC,VAN,3,1,1,home,1,-3.0217652544749853
2021,621675,2021-11-21,NYC,ATL,2,0,1,home,1,55.2647533014715
2021,621674,2021-11-21,POR,MIN,3,1,1,home,1,-34.359338396154726
2021,621673,2021-11-23,NSH,ORL,3,1,1,home,1,20.5937414826451
2021,621672,2021-11-23,SEA,RSL,0,0,0,away,1,86.10308071893314
2021,621671,2021-11-25,COL,POR,0,1,0,away,1,-8.83062941424123
2021,621978,2021-11-28,SKC,RSL,1,2,0,away,1,74.56432958573373
2021,621977,2021-11-28,PHI,NSH,1,1,1,home,1,57.15439231183791
2021,621670,2021-11-30,NE,NYC,2,2,0,away,1,-23.856006569976216
2021,622134,2021-12-04,POR,RSL,2,0,1,home,1,58.71684314804929
2021,622133,2021-12-05,PHI,NYC,1,2,0,away,1,35.247100746953265
2021,622709,2021-12-11,POR,NYC,1,1,0,away,1,-29.32441582335059
2022,623613,2022-10-01,NE,ATL,2,1,1,home,1,33.17456180524232
2022,623614,2022-10-01,COL,DAL,1,0,1,home,1,-7.731808985740599
2022,623616,2022-10-01,CLT,PHI,4,0,1,home,1,-81.03114723626595
2022,623618,2022-10-01,MTL,DC,1,0,1,home,1,21.068831592432616
2022,623619,2022-10-01,CLB,RBNY,2,1,1,home,1,33.16877249255367
2022,623617,2022-10-01,CIN,CHI,2,3,0,away,1,-131.8572407162817
2022,623612,2022-10-01,SJ,MIN,2,0,1,home,1,-67.43432588948531
2022,623620,2022-10-01,VAN,ATX,2,0,1,home,1,36.545033746466515
2022,623621,2022-10-01,LA,RSL,1,1,0,away,1,-17.221302255551564
2022,623615,2022-10-02,NYC,ORL,2,1,1,home,1,88.00169061980023
2022,623622,2022-10-02,POR,LAFC,1,2,0,away,1,-4.2654846986024495
2022,623623,2022-10-02,SKC,SEA,1,0,1,home,1,2.95142028559394
2022,623624,2022-10-02,NSH,HOU,1,2,0,away,1,101.1403211490981
2022,623471,2022-10-05,CLT,CLB,2,2,0,away,1,-60.89908398374928
2022,623567,2022-10-05,MIA,ORL,4,1,1,home,1,-18.590997012742946
2022,623625,2022-10-09,ATL,NYC,1,2,0,away,1,-116.63324802376019
2022,623631,2022-10-09,CHI,NE,1,1,0,away,1,-9.48126557544606
2022,623630,2022-10-09,DC,CIN,2,5,0,away,1,86.83699637360883
2022,623626,2022-10-09,MIA,MTL,1,3,0,away,1,-5.2816968187783
2022,623628,2022-10-09,ORL,CLB,2,1,1,home,1,-100.92379184357605
2022,623627,2022-10-09,PHI,TOR,4,0,1,home,1,113.58675042766754
2022,623629,2022-10-09,RBNY,CLT,2,0,1,home,1,23.7624590398043
2022,623638,2022-10-09,ATX,COL,1,1,0,away,1,-30.740449570440887
2022,623635,2022-10-09,DAL,SKC,2,1,1,home,1,-28.71627703255149
2022,623634,2022-10-09,HOU,LA,1,3,0,away,1,-4.733553176653004
2022,623632,2022-10-09,LAFC,NSH,0,1,0,away,1,38.04577664943645
2022,623637,2022-10-09,MIN,VAN,2,0,1,home,1,-1.0324584440816125
2022,623636,2022-10-09,RSL,POR,3,1,1,home,1,-37.08600108482756
2022,623633,2022-10-09,SEA,SJ,2,2,0,away,1,29.939818749717006
2022,654604,2022-10-15,RBNY,CIN,1,2,0,away,1,155.4253211810751
2022,654605,2022-10-15,LA,NSH,1,0,1,home,1,-68.43807055828938
2022,654606,2022-10-16,ATX,RSL,2,2,1,home,1,-21.345048907853197
2022,654607,2022-10-16,MTL,ORL,2,0,1,home,1,4.706547221044275
2022,654608,2022-10-17,NYC,MIA,3,0,1,home,1,130.05276925813791
2022,654609,2022-10-17,DAL,MIN,1,1,1,home,1,-26.769132550033646
2022,654692,2022-10-20,PHI,CIN,1,0,1,home,1,184.40574052170746
2022,654693,2022-10-20,LAFC,LA,3,2,1,home,1,70.50222178614877
2022,654711,2022-10-23,MTL,NYC,1,3,0,away,1,-98.00972982931489
2022,654712,2022-10-23,ATX,DAL,2,1,1,home,1,-42.11474428245492
2022,655661,2022-10-30,LAFC,ATX,3,0,1,home,1,52.72237583803212
2022,655662,2022-10-30,PHI,NYC,3,1,1,home,1,-31.608620270457777
2022,655997,2022-11-05,LAFC,PHI,3,3,1,home,1,-41.46076945430923
2023,660028,2023-10-01,LAFC,RSL,0,1,0,away,1,73.58191253268501
2023,660030,2023-10-04,MTL,HOU,1,1,0,away,1,69.44397469628211
2023,660029,2023-10-04,CLT,TOR,3,0,1,home,1,40.72193708130976
2023,660032,2023-10-04,CIN,RBNY,1,2,0,away,1,-127.76340613741718
2023,660031,2023-10-04,NE,CLB,1,2,0,away,1,-39.52430698135913
2023,660033,2023-10-04,PHI,ATL,3,2,1,home,1,116.07478232548965
2023,660037,2023-10-04,ATX,DC,3,0,1,home,1,46.99536525233748
2023,660036,2023-10-04,CHI,MIA,4,1,1,home,1,35.755949159879265
2023,660035,2023-10-04,NSH,ORL,0,1,0,away,1,28.76167427285759
2023,660038,2023-10-04,LAFC,MIN,5,1,1,home,1,12.437528721528224
2023,660040,2023-10-04,SEA,LA,2,1,1,home,1,42.54587163129895
2023,660039,2023-10-04,VAN,STL,3,0,1,home,1,23.610335210667245
2023,660047,2023-10-07,ATL,CLB,1,1,0,away,1,-123.29722811247643
2023,660041,2023-10-07,MTL,POR,4,1,1,home,1,-29.224210968796797
2023,660042,2023-10-07,DC,NYC,2,0,1,home,1,-174.95790653088693
2023,660045,2023-10-07,MIA,CIN,0,1,0,away,1,75.97530582147715
2023,660043,2023-10-07,ORL,NE,3,2,1,home,1,-23.863023178445474
2023,660046,2023-10-07,PHI,NSH,0,0,0,away,1,84.89740176121859
2023,660044,2023-10-07,RBNY,TOR,3,0,1,home,1,78.77495253803386
2023,660049,2023-10-07,ATX,LAFC,2,4,0,away,1,-62.122223620916884
2023,660050,2023-10-07,CHI,CLT,0,2,0,away,1,5.575509927595476
2023,660051,2023-10-07,DAL,SJ,1,1,0,away,1,15.6167829107751
2023,660052,2023-10-07,HOU,COL,5,1,1,home,1,-83.71683810773607
2023,660048,2023-10-07,MIN,LA,5,2,1,home,1,71.46490402379663
2023,660053,2023-10-07,RSL,SKC,2,3,0,away,1,-26.3942089282084
2023,660054,2023-10-07,SEA,VAN,0,0,0,away,1,-23.93336014536908
2023,660034,2023-10-14,DAL,COL,1,1,0,away,1,-13.487485861923915
2023,659923,2023-10-14,NSH,NE,3,2,1,home,1,2.2262853493100465
2023,659925,2023-10-14,LA,RSL,2,2,0,away,1,-40.70691489058072
2023,659915,2023-10-18,MIA,CLT,2,2,0,away,1,-70.38608017440879
2023,660065,2023-10-21,CLT,MIA,1,0,1,home,1,90.36385562219925
2023,660058,2023-10-21,CLB,MTL,2,1,1,home,1,100.08719767205935
2023,660057,2023-10-21,CIN,ATL,2,2,0,away,1,-56.36171808889935
2023,660064,2023-10-21,NSH,RBNY,0,1,0,away,1,-8.10000563385097
2023,660061,2023-10-21,NE,PHI,2,1,1,home,1,-66.70497092655319
2023,660066,2023-10-21,NYC,CHI,1,0,1,home,1,96.36334703777311
2023,660060,2023-10-21,TOR,ORL,0,2,0,away,1,-65.9182196947952
2023,660068,2023-10-21,COL,RSL,0,1,0,away,1,27.96724997705337
2023,660056,2023-10-21,LA,DAL,1,4,0,away,1,-53.64420734308442
2023,660063,2023-10-21,POR,HOU,1,3,0,away,1,51.819746761414535
2023,660055,2023-10-21,SJ,ATX,1,1,0,away,1,30.595306079521833
2023,660059,2023-10-21,SKC,MIN,3,1,1,home,1,5.854594025339793
2023,660062,2023-10-21,STL,SEA,0,2,0,away,1,-3.0968578309909844
2023,660067,2023-10-21,VAN,LAFC,1,1,0,away,1,-17.93450041496976
2023,689566,2023-10-25,RBNY,CLT,5,2,1,home,1,14.127240313485117
2023,689567,2023-10-25,SKC,SJ,0,0,1,home,1,46.636267495150605
2023,689598,2023-10-28,PHI,NE,3,1,1,home,1,46.89464236065237
2023,689607,2023-10-28,LAFC,VAN,5,2,1,home,1,40.90939570227488
2023,689610,2023-10-29,HOU,RSL,2,1,1,home,1,-45.95075520686805
2023,689589,2023-10-29,CIN,RBNY,3,0,1,home,1,-166.23998490447434
2023,689601,2023-10-29,STL,SKC,1,4,0,away,1,-68.10574772365248
2023,689592,2023-10-30,ORL,NSH,1,0,1,home,1,5.200225842143027
2023,689604,2023-10-30,SEA,DAL,2,0,1,home,1,9.734532219584253
2023,689595,2023-11-01,CLB,ATL,2,0,1,home,1,135.32210016104682
2023,689590,2023-11-04,RBNY,CIN,1,1,0,away,1,140.83744250875384
2023,689605,2023-11-04,DAL,SEA,3,1,1,home,1,-25.2235610597877
2023,689602,2023-11-05,SKC,STL,2,1,1,home,1,88.21478856957606
2023,689608,2023-11-05,VAN,LAFC,0,1,0,away,1,-54.733313789864724
2023,689611,2023-11-06,RSL,HOU,1,1,1,home,1,27.332934242782812
2023,689596,2023-11-07,ATL,CLB,4,2,1,home,1,-144.7103214009885
2023,689593,2023-11-07,NSH,ORL,0,1,0,away,1,-20.937709152212847
2023,689599,2023-11-08,NE,PHI,0,1,0,away,1,-60.408556940346216
2023,689606,2023-11-10,SEA,DAL,1,0,1,home,1,7.786923909311554
2023,689612,2023-11-11,HOU,RSL,1,1,1,home,1,-41.87211717660557
2023,689597,2023-11-12,CLB,ATL,4,2,1,home,1,120.47473298136038
2023,690126,2023-11-25,ORL,CLB,0,2,0,away,1,-58.59200908560774
2023,690127,2023-11-25,CIN,PHI,1,0,1,home,1,-166.3371313438288
2023,690128,2023-11-26,HOU,SKC,1,0,1,home,1,-90.42789428391916
2023,690129,2023-11-26,SEA,LAFC,0,1,0,away,1,-74.61661684600631
2023,690343,2023-12-02,CIN,CLB,2,3,0,away,1,-179.55700201258173
2023,690411,2023-12-02,LAFC,HOU,2,0,1,home,1,114.15237934025504
2023,690611,2023-12-09,CLB,LAFC,2,1,1,home,1,6.181048891527098
2024,693058,2024-10-02,ATL,MTL,1,2,0,away,1,-21.896480576242993
2024,693059,2024-10-02,CLT,CHI,4,3,1,home,1,32.30498838718222
2024,693055,2024-10-02,NYC,CIN,3,2,1,home,1,178.13832148224105
2024,693056,2024-10-02,ORL,PHI,2,1,1,home,1,-40.62087311597725
2024,693057,2024-10-02,TOR,RBNY,1,4,0,away,1,-92.0835853191254
2024,693060,2024-10-02,CLB,MIA,2,3,0,away,1,192.41894867920178
2024,693062,2024-10-02,HOU,NE,2,1,1,home,1,-16.793806876535655
2024,693061,2024-10-02,NSH,DC,3,4,0,away,1,50.34260679814906
2024,693063,2024-10-02,COL,LA,1,3,0,away,1,88.07954015922405
2024,693064,2024-10-02,RSL,MIN,0,0,0,away,1,-22.828969168386266
2024,693068,2024-10-02,LAFC,STL,1,0,1,home,1,131.30447878276982
2024,693066,2024-10-02,POR,ATX,0,1,0,away,1,-2.425806597376777
2024,693067,2024-10-02,SJ,DAL,3,2,1,home,1,-2.4004381699539863
2024,693065,2024-10-02,VAN,SEA,0,3,0,away,1,8.872178037213189
2024,693075,2024-10-05,TOR,MIA,0,1,0,away,1,-22.46330051592804
2024,693072,2024-10-05,ATL,RBNY,2,1,1,home,1,-79.2987129971591
2024,693073,2024-10-05,CLT,MTL,2,0,1,home,1,31.166458760477326
2024,693074,2024-10-05,CLB,PHI,3,2,1,home,1,46.19001481096484
2024,693076,2024-10-05,CIN,ORL,1,3,0,away,1,-120.27912213648187
2024,693070,2024-10-05,NE,DC,1,2,0,away,1,34.30988473555476
2024,693069,2024-10-05,VAN,MIN,0,1,0,away,1,-30.637089785567923
2024,693077,2024-10-05,SKC,LAFC,0,3,0,away,1,-46.98088349324371
2024,693078,2024-10-05,STL,HOU,3,0,1,home,1,-27.96020243680323
2024,693079,2024-10-05,COL,SEA,0,1,0,away,1,-19.688702521393907
2024,693081,2024-10-05,LA,ATX,2,1,1,home,1,-64.82394439899849
2024,693080,2024-10-05,SJ,RSL,0,1,0,away,1,10.413146938856244
2024,693071,2024-10-06,NYC,NSH,3,1,1,home,1,121.49620508151997
2024,693082,2024-10-06,POR,DAL,0,0,0,away,1,-6.866041869109949
2024,692816,2024-10-12,CLB,NE,4,0,1,home,1,133.46107794738668
2024,692969,2024-10-13,VAN,LAFC,1,2,0,away,1,-121.58215125891343
2024,693085,2024-10-19,MTL,NYC,2,0,1,home,1,-115.20176927885109
2024,693087,2024-10-19,CHI,NSH,0,3,0,away,1,8.020404015609074
2024,693088,2024-10-19,DC,CLT,0,3,0,away,1,-67.54678531009768
2024,693089,2024-10-19,MIA,NE,6,2,1,home,1,-16.874507698679054
2024,693083,2024-10-19,ORL,ATL,1,2,0,away,1,80.39809490420976
2024,693084,2024-10-19,PHI,CIN,1,2,0,away,1,144.37492620247417
2024,693086,2024-10-19,RBNY,CLB,2,3,0,away,1,-93.07755095563016
2024,693093,2024-10-19,ATX,COL,3,2,1,home,1,6.851244596739434
2024,693094,2024-10-19,DAL,SKC,2,1,1,home,1,-48.58672499795648
2024,693095,2024-10-19,HOU,LA,2,1,1,home,1,31.902619665214615
2024,693092,2024-10-19,LAFC,SJ,3,1,1,home,1,135.73174637751913
2024,693091,2024-10-19,MIN,STL,4,1,1,home,1,74.0367939708317
2024,693090,2024-10-19,RSL,VAN,2,1,1,home,1,17.037608143565194
2024,693096,2024-10-19,SEA,POR,1,1,0,away,1,63.927275273179475
2024,722597,2024-10-22,MTL,ATL,2,2,0,away,1,24.429080361382375
2024,722598,2024-10-23,VAN,POR,5,0,1,home,1,-3.9772006542693816
2024,722573,2024-10-25,MIA,ATL,2,1,1,home,1,-26.207290968669213
2024,722585,2024-10-26,LA,COL,5,0,1,home,1,-37.59552255141011
2024,722582,2024-10-27,ORL,CLT,2,0,1,home,1,-16.464428282266226
2024,722588,2024-10-27,LAFC,VAN,2,1,1,home,1,142.74383402770695
2024,722579,2024-10-28,CIN,NYC,1,0,1,home,1,-172.63692945862044
2024,722594,2024-10-28,SEA,HOU,0,0,1,home,1,28.10996525343603
2024,722576,2024-10-29,CLB,RBNY,0,1,0,away,1,111.75105058068311
2024,722591,2024-10-29,RSL,MIN,0,0,0,away,1,-42.91245643746197
2024,722583,2024-11-01,CLT,ORL,0,0,1,home,1,-0.47797712778742607
2024,722586,2024-11-01,COL,LA,1,4,0,away,1,19.45548417359919
2024,722580,2024-11-02,NYC,CIN,3,1,1,home,1,146.89474674387452
2024,722574,2024-11-02,ATL,MIA,2,1,1,home,1,8.7149359347452
2024,722592,2024-11-02,MIN,RSL,1,1,1,home,1,64.46858912243624
2024,722577,2024-11-03,RBNY,CLB,2,2,1,home,1,-82.14893744395613
2024,722595,2024-11-03,HOU,SEA,1,1,0,away,1,-42.60777866069998
2024,722589,2024-11-03,VAN,LAFC,3,0,1,home,1,-151.8285872150011
2024,722590,2024-11-08,LAFC,VAN,1,0,1,home,1,127.20336157021416
2024,722581,2024-11-09,CIN,NYC,0,0,0,away,1,-155.81282048188064
2024,722584,2024-11-09,ORL,CLT,1,1,1,home,1,-15.572585446299172
2024,722575,2024-11-09,MIA,ATL,2,3,0,away,1,-24.259708368960446
2024,723376,2024-11-23,NYC,RBNY,0,2,0,away,1,55.71034608032437
2024,723377,2024-11-23,LAFC,SEA,1,2,0,away,1,89.3688016539279
2024,723378,2024-11-24,ORL,ATL,1,0,1,home,1,38.14759260244091
2024,723379,2024-11-24,LA,MIN,6,2,1,home,1,-104.2965422007419
2024,723756,2024-11-30,ORL,RBNY,0,1,0,away,1,-5.848647385875665
2024,723757,2024-11-30,LA,SEA,1,0,1,home,1,-74.06187451671781
2024,723938,2024-12-07,LA,RBNY,2,1,1,home,1,-78.29828220593868
